Resource Number,Resource Title,Author,Species - Common Name,Species - Scientific Name,Sector,Regulation,Activity,Resource Type,Taxanomic Group,URL: ,PDF Required?,Tot # of PDFs Required:,23,URL to actual document (to be included in PDF coversheet)
1,American Badger  ,Ontario Ministry of Natural Resources,American badger,Taxidea taxus ,~,American badger habitat; Endangered species,~,Website,Mammals,http://www.mnr.gov.on.ca/en/Business/Species/2ColumnSubPage/MNR_SAR_AMRCN_BDGR_EN.html,,,,
2,American Eel  ,Ontario Ministry of Natural Resources,American Eel,Anguilla rostrata,~,Hydro-electric generating stations; Fishing — incidental catch; Endangered species,~,Website,Fishes,http://www.mnr.gov.on.ca/en/Business/Species/2ColumnSubPage/MNR_SAR_AMRCN_EEL_EN.html,,,,
3,American White Pelican   ,Ontario Ministry of Natural Resources,American White Pelican,Pelecanus erythrorhynchos,~,American white pelican habitat; Threatened species,~,Website,Birds,http://www.mnr.gov.on.ca/en/Business/Species/2ColumnSubPage/MNR_SAR_AMRCN_WHT_PLCN_EN.html,,,,
4,Bald Eagle   ,Ontario Ministry of Natural Resources,Bald Eagle,Haliaeetus leucocephalus,~,Special concern species,~,Website,Birds,http://www.mnr.gov.on.ca/en/Business/Species/2ColumnSubPage/MNR_SAR_BLD_EAGL_EN.html,,,,
5,Barn Owl  ,Ontario Ministry of Natural Resources,Barn Owl,Tyto alba,~,Endangered species; Barn owl habitat,~,Website,Birds,http://www.mnr.gov.on.ca/en/Business/Species/2ColumnSubPage/MNR_SAR_BRN_OWL_EN.html,,,,
6,Bent Spike-rush  ,Ontario Ministry of Natural Resources,Bent Spike-rush,Eleocharis geniculata,~,Endangered species; Bent spike-rush habitat,~,Website,Plants,http://www.mnr.gov.on.ca/en/Business/Species/2ColumnSubPage/MNR_SAR_BENT_SPK_RSH_EN.html,,,,
7,Blanding's Turtle  ,Ontario Ministry of Natural Resources,Blanding's Turtle,Emydoidea blandingii,~,Threatened species ,~,Website,Reptiles,http://www.mnr.gov.on.ca/en/Business/Species/2ColumnSubPage/MNR_SAR_BLNDNGS_TRTL_EN.html,,,,
8,Bobolink  ,Ontario Ministry of Natural Resources,Bobolink,Dolichonyx oryzivorus,~,"Threatened species; Bobolink, eastern meadowlark; Development — bobolink, eastern meadowlark",~,Website,Birds,http://www.mnr.gov.on.ca/en/Business/Species/2ColumnSubPage/MNR_SAR_BBLNK_EN.html,,,,
9,Butternut  ,Ontario Ministry of Natural Resources,Butternut,Juglans cinerea,~,Endangered species; Butternut; ,~,Website,Plants,http://www.mnr.gov.on.ca/en/Business/Species/2ColumnSubPage/MNR_SAR_BUTTERNUT_EN.html,,,,
10,Canada Warbler  ,Ontario Ministry of Natural Resources,Canada Warbler,Wilsonia canadensis,~,Special concern species,~,Website,Birds,http://www.mnr.gov.on.ca/en/Business/Species/2ColumnSubPage/MNR_SAR_CND_WRBLR_EN.html,,,,
11,Chimney Swift  ,Ontario Ministry of Natural Resources,Chimney Swift,Chaetura pelagica,~,Threatened species; Built Structures – Chimney Swift,~,Website,Birds,http://www.mnr.gov.on.ca/en/Business/Species/2ColumnSubPage/MNR_SAR_CHMNY_SWFT_EN.html,,,,
12,Common Five-lined Skink (Carolinian population)  ,Ontario Ministry of Natural Resources,Common Five-lined Skink,Plestiodon fasciatus,~,Endangered species; Common five-lined skink (Carolinian population) habitat,~,Website,Reptiles,http://www.mnr.gov.on.ca/en/Business/Species/2ColumnSubPage/MNR_SAR_CMN_5LND_SKNK_EN.html,,,,
13,Common Nighthawk  ,Ontario Ministry of Natural Resources,Common Nighthawk,Chordeiles minor,~,Special concern species,~,Website,Birds,http://www.mnr.gov.on.ca/en/Business/Species/2ColumnSubPage/MNR_SAR_CMMN_NGHTHWK_EN.html,,,,
14,Eastern Foxsnake  ,Ontario Ministry of Natural Resources,Eastern Foxsnake,Pantherophis gloydi,~,Endangered species; Eastern Foxsnake (Carolinian population) habitat; Eastern Foxsnake (Georgian Bay population) habitat,~,Website,Reptiles,http://www.mnr.gov.on.ca/en/Business/Species/2ColumnSubPage/MNR_SAR_ESTRN_FOXSNK_EN.html,,,,
15,Eastern Hog-nose snake  ,Ontario Ministry of Natural Resources,Eastern Hog-nose snake ,Heterodon platirhinos,~,Threatened species,~,Website,Reptiles,http://www.mnr.gov.on.ca/en/Business/Species/2ColumnSubPage/MNR_SAR_ESTRN_HG_NSD_SNK_EN.html,,,,
16,Eastern Pondmussel  ,Ontario Ministry of Natural Resources,Eastern Pondmussel,Ligumia nasuta,~,Endangered species; Aquatic species,~,Website,Molluscs,http://www.mnr.gov.on.ca/en/Business/Species/2ColumnSubPage/MNR_SAR_ESTRN_PNDMSSL_EN.html,,,,
17,Eastern prairie fringed-orchid  ,Ontario Ministry of Natural Resources,Eastern prairie fringed-orchid,Platanthera leucophaea,~,Endangered species; Eastern prairie fringed-orchid habitat,~,Website,Plants,http://www.mnr.gov.on.ca/en/Business/Species/2ColumnSubPage/MNR_SAR_E_PRIE_FRNG_ORCD_EN.html,,,,
18,Eastern Whip-poor-will  ,Ontario Ministry of Natural Resources,Whip-poor-will,Caprimulgus vociferus,~,Threatened species,~,Website,Birds,http://www.mnr.gov.on.ca/en/Business/Species/2ColumnSubPage/MNR_SAR_WHP_PR_WILL_EN.html,,,,
19,Engelmann's quillwort  ,Ontario Ministry of Natural Resources,Engelmann's quillwort,Isoëtes engelmannii,~,Endangered species; Engelmann’s quillwort habitat,~,Website,Plants,http://www.mnr.gov.on.ca/en/Business/Species/2ColumnSubPage/MNR_SAR_ENGLMNNS_QULLWRT_EN.html,,,,
20,Fawnsfoot  ,Ontario Ministry of Natural Resources,Fawnsfoot,Truncilla donaciformis,~,Endangered species; Aquatic species,~,Website,Molluscs,http://www.mnr.gov.on.ca/en/Business/Species/2ColumnSubPage/MNR_SAR_FAWNSFOOT_EN.html,,,,
21,Few-flowered club rush  ,Ontario Ministry of Natural Resources,Few-flowered club rush,Trichophorum planifolium,~,Endangered species; Few-flowered club-rush habitat,~,Website,Plants,http://www.mnr.gov.on.ca/en/Business/Species/2ColumnSubPage/MNR_SAR_FW_FLWRD_CLBRSH_EN.html,,,,
22,Gray Ratsnake  ,Ontario Ministry of Natural Resources,Gray Ratsnake,Pantherophis spiloides,~,Endangered species; Gray ratsnake (Carolinian population) habitat; Gray ratsnake (Frontenac Axis population) habitat,~,Website,Reptiles,http://www.mnr.gov.on.ca/en/Business/Species/2ColumnSubPage/MNR_SAR_GRY_RATSNAKE_EN.html,,,,
23,Horned Grebe  ,Ontario Ministry of Natural Resources,Horned Grebe,Podiceps auritus,~,Special concern species,~,Website,Birds,http://www.mnr.gov.on.ca/en/Business/Species/2ColumnSubPage/MNR_SAR_HRND_GRB_EN.html,,,,
24,Jefferson salamander  ,Ontario Ministry of Natural Resources,Jefferson salamander,Ambystoma jeffersonianum,~,Threatened species; Jefferson salamander habitat,~,Website,Amphibians,http://www.mnr.gov.on.ca/en/Business/Species/2ColumnSubPage/MNR_SAR_JFFRSN_SLMNDR_EN.html,,,,
25,Lake Sturgeon  ,Ontario Ministry of Natural Resources,Lake Sturgeon,Acipenser fulvescens,~,Threatened species; Fishing — incidental catch; Aquatic species; Hydro-electric generating stations,~,Website,Fishes,http://www.mnr.gov.on.ca/en/Business/Species/2ColumnSubPage/MNR_SAR_LK_STRGN_EN.html,,,,
26,Loggershead Shrike  ,Ontario Ministry of Natural Resources,Loggerhead Shrike,Lanius ludovicianus,~,Endangered species,~,Website,Birds,http://www.mnr.gov.on.ca/en/Business/Species/2ColumnSubPage/MNR_SAR_LGGRHD_SHRK_EN.html,,,,
27,Monarch  ,Ontario Ministry of Natural Resources,Monarch,Danaus plexippus,~,Special concern species,~,Website,Insects,http://www.mnr.gov.on.ca/en/Business/Species/2ColumnSubPage/MNR_SAR_MNRCH_BTTRFLY_EN.html,,,,
28,Northern Barrens Tiger Beetle  ,Ontario Ministry of Natural Resources,Northern Barrens Tiger Beetle,Cicindela patruela,~,Endangered species; Northern barrens tiger beetle habitat,~,Website,Insects,http://www.mnr.gov.on.ca/en/Business/Species/2ColumnSubPage/MNR_SAR_NRTHRN_BA_TGR_BTL_EN.html,,,,
29,Ogden's Pondweed  ,Ontario Ministry of Natural Resources,Ogden's Pondweed ,Potamogeton ogdenii,~,Endangered species; Ogden’s pondweed habitat,~,Website,Plants,http://www.mnr.gov.on.ca/en/Business/Species/2ColumnSubPage/MNR_SAR_OGDNS_PNDWD_EN.html,,,,
30,Olive-sided Flycatcher  ,Ontario Ministry of Natural Resources,Olive-sided Flycatcher,Contopus cooperi,~,Special concern species,~,Website,Birds,http://www.mnr.gov.on.ca/en/Business/Species/2ColumnSubPage/MNR_SAR_OLV_SDD_FLYCTCHR_EN.html,,,,
31,Pale-bellied Frost Lichen  ,Ontario Ministry of Natural Resources,Pale-bellied Frost Lichen,Physconia subpallida,~,Endangered species; Pale-bellied frost lichen habitat ,~,Website,Lichens,http://www.mnr.gov.on.ca/en/Business/Species/2ColumnSubPage/MNR_SAR_PL_BLD_FRST_LCHN_EN.html,,,,
32,Peregrine falcon  ,Ontario Ministry of Natural Resources,Peregrine falcon,Falco peregrinus,~,Threatened species; Peregrine falcon habitat,~,Website,Birds,http://www.mnr.gov.on.ca/en/Business/Species/2ColumnSubPage/MNR_SAR_PRGRN_FLCN_EN.html,,,,
33,Piping Plover  ,Ontario Ministry of Natural Resources,Piping Plover,Charadrius melodus,~,Endangered species,~,Website,Birds,http://www.mnr.gov.on.ca/en/Business/Species/2ColumnSubPage/MNR_SAR_PPNG_PLVR_EN.html,,,,
34,Polar Bear  ,Ontario Ministry of Natural Resources,Polar Bear,Ursus maritimus,~,Threatened species,~,Website,Mammals,http://www.mnr.gov.on.ca/en/Business/Species/2ColumnSubPage/MNR_SAR_PLR_BR_EN.html,,,,
35,Rapids Clubtail  ,Ontario Ministry of Natural Resources,Rapids Clubtail,Gomphus quadricolor,~,Endangered species; Rapids clubtail habitat ,~,Website,Insects,http://www.mnr.gov.on.ca/en/Business/Species/2ColumnSubPage/MNR_SAR_RPDS_CLBTL_EN.html,,,,
36,Red Knot rufa subspecies  ,Ontario Ministry of Natural Resources,Red Knot rufa subspecies,Calidris canutus rufa,~,Endangered species,~,Website,Birds,http://www.mnr.gov.on.ca/en/Business/Species/2ColumnSubPage/MNR_SAR_RD_KNT_EN.html,,,,
37,Red Mulberry  ,Ontario Ministry of Natural Resources,Red Mulberry,Morus rubra,~,Endangered species,~,Website,Plants,http://www.mnr.gov.on.ca/en/Business/Species/2ColumnSubPage/MNR_SAR_RD_MLBRRY_EN.html,,,,
38,Redside Dace  ,Ontario Ministry of Natural Resources,Redside Dace,Clinostomus elongatus,~,"Endangered species; Redside dace habitat; Development and infrastructure — redside dace, Fishing — incidental catch",~,Website,Fishes,http://www.mnr.gov.on.ca/en/Business/Species/2ColumnSubPage/MNR_SAR_RDSD_DACE_EN.html,,,,
39,Snapping Turtle  ,Ontario Ministry of Natural Resources,Snapping Turtle,Chelydra serpentina,~,Special concern species,~,Website,Reptiles,http://www.mnr.gov.on.ca/en/Business/Species/2ColumnSubPage/MNR_SAR_SNPPNG_TRTL_EN.html,,,,
40,Virginia Mallow  ,Ontario Ministry of Natural Resources,Virginia Mallow,Sida hermaphrodita,~,Endangered species; Virginia mallow habitat,~,Website,Plants,http://www.mnr.gov.on.ca/en/Business/Species/2ColumnSubPage/MNR_SAR_VIRGINIA_MALLW_EN.html,,,,
41,Western Silvery Aster  ,Ontario Ministry of Natural Resources,Western Silvery Aster,Symphyotrichum sericeum,~,Endangered species; Western silvery aster habitat,~,Website,Plants,http://www.mnr.gov.on.ca/en/Business/Species/2ColumnSubPage/MNR_SAR_W_SLVRY_ASTR_EN.html,,,,
42,Wood Turtle  ,Ontario Ministry of Natural Resources,Wood Turtle,Glyptemys insculpta,~,Endangered species; Wood turtle habitat ,~,Website,Reptiles,http://www.mnr.gov.on.ca/en/Business/Species/2ColumnSubPage/MNR_SAR_WOOD_TRTL_EN.html,,,,
43,Woodland Caribou (Forest-dwelling boreal population)  ,Ontario Ministry of Natural Resources,Woodland Caribou,Rangifer tarandus caribou,~,Threatened species; Woodland caribou (forest-dwelling boreal population) — cast antlers; Forest operations in Crown forests,~,Website,Mammals,http://www.mnr.gov.on.ca/en/Business/Species/2ColumnSubPage/MNR_SAR_WDLND_CRB_EN.html,,,,
44,Acadian Flycatcher ,Ontario Ministry of Natural Resources,Acadian Flycatcher ,Empidonax virescens,~,Endangered species ,~,Website,Birds,http://www.mnr.gov.on.ca/en/Business/Species/2ColumnSubPage/MNR_SAR_ACDN_FLYCTCH_EN.html,,,,
45,Allegheny Mountain Dusky Salamander ,Ontario Ministry of Natural Resources,Allegheny Mountain Dusky Salamander ,Desmognathus ochrophaeus,~,Endangered species ,~,Website,Amphibians,http://www.mnr.gov.on.ca/en/Business/Species/2ColumnSubPage/MNR_SAR_AMTN_DSKY_SLMNDR_EN.html,,,,
46,American Burying Beetle ,Ontario Ministry of Natural Resources,American Burying Beetle ,Nicrophorus americanus,~,Extirpated species ,~,Website,Insects,http://www.mnr.gov.on.ca/en/Business/Species/2ColumnSubPage/MNR_SAR_AMER_BURY_BEETL_EN.html,,,,
47,American Chestnut ,Ontario Ministry of Natural Resources,American Chestnut ,Castanea dentata,~,Endangered species ,~,Website,Plants,http://www.mnr.gov.on.ca/en/Business/Species/2ColumnSubPage/MNR_SAR_AMRCN_CHESTNUT_EN.html,,,,
48,American Columbo ,Ontario Ministry of Natural Resources,American Columbo ,Frasera caroliniensis,~,Endangered species ,~,Website,Plants,http://www.mnr.gov.on.ca/en/Business/Species/2ColumnSubPage/MNR_SAR_AMRCN_COLUMBO_EN.html,,,,
49,American Ginseng ,Ontario Ministry of Natural Resources,American Ginseng ,Panax quinquefolius,~,Endangered species ,~,Website,Plants,http://www.mnr.gov.on.ca/en/Business/Species/2ColumnSubPage/MNR_SAR_AMRCN_GINSENG_EN.html,,,,
50,American Hart's-tongue Fern ,Ontario Ministry of Natural Resources,American Hart's-tongue Fern ,Asplenium scolopendrium,~,Special concern species ,~,Website,Plants,http://www.mnr.gov.on.ca/en/Business/Species/2ColumnSubPage/MNR_SAR_HRTS_TNG_FRN_EN.html,,,,
51,American Water-willow ,Ontario Ministry of Natural Resources,American Water-willow ,Justicia americana,~,Threatened species ,~,Website,Plants,http://www.mnr.gov.on.ca/en/Business/Species/2ColumnSubPage/MNR_SAR_AMRCN_WTR_WLLW_EN.html,,,,
52,Aweme Borer Moth ,Ontario Ministry of Natural Resources,Aweme Borer Moth ,Papaipema aweme,~,Endangered species ,~,Website,Insects,http://www.mnr.gov.on.ca/en/Business/Species/2ColumnSubPage/MNR_SAR_AWM_BRR_MTH_EN.html,,,,
53,Barn Swallow ,Ontario Ministry of Natural Resources,Barn Swallow ,Hirundo rustica,~,Threatened species ,~,Website,Birds,http://www.mnr.gov.on.ca/en/Business/Species/2ColumnSubPage/MNR_SAR_BRN_SWLLW_EN.html,,,,
54,Beluga ,Ontario Ministry of Natural Resources,Beluga ,Delphinapterus leucas,~,Special concern species ,~,Website,Mammals,http://www.mnr.gov.on.ca/en/Business/Species/2ColumnSubPage/MNR_SAR_BLG_EN.html,,,,
55,Bird's-foot Violet ,Ontario Ministry of Natural Resources,Bird's-foot Violet ,Viola pedata,~,Endangered species ,~,Website,Plants,http://www.mnr.gov.on.ca/en/Business/Species/2ColumnSubPage/MNR_SAR_BRDS_FT_VLT_EN.html,,,,
56,Black Redhorse ,Ontario Ministry of Natural Resources,Black Redhorse ,Moxostoma duquesnei,~,Threatened species ,~,Website,Fishes,http://www.mnr.gov.on.ca/en/Business/Species/2ColumnSubPage/MNR_SAR_BLACK_REDHORSE_EN.html,,,,
57,Black Tern ,Ontario Ministry of Natural Resources,Black Tern ,Chlidonias niger,~,Special concern species ,~,Website,Birds,http://www.mnr.gov.on.ca/en/Business/Species/2ColumnSubPage/MNR_SAR_BLCK_TRN_EN.html,,,,
58,Blackstripe Topminnow ,Ontario Ministry of Natural Resources,Blackstripe Topminnow ,Fundulus notatus,~,Special concern species ,~,Website,Fishes,http://www.mnr.gov.on.ca/en/Business/Species/2ColumnSubPage/MNR_SAR_BLCKSTRP_TPMNNW_EN.html,,,,
59,Blanchard's Cricket Frog (Northern Cricket Frog) ,Ontario Ministry of Natural Resources,Blanchard's Cricket Frog (Northern Cricket Frog) ,Acris crepitanis,~,Extirpated species ,~,Website,Amphibians,http://www.mnr.gov.on.ca/en/Business/Species/2ColumnSubPage/MNR_SAR_BLNCH_CRKT_FROG_EN.html,,,,
60,Blue Ash ,Ontario Ministry of Natural Resources,Blue Ash ,Fraxinus quadrangulata,~,Special concern species ,~,Website,Plants,http://www.mnr.gov.on.ca/en/Business/Species/2ColumnSubPage/MNR_SAR_BLUE_ASH_EN.html,,,,
61,Blue Racer ,Ontario Ministry of Natural Resources,Blue Racer ,Coluber constrictor foxii,~,Endangered species ,~,Website,Reptiles,http://www.mnr.gov.on.ca/en/Business/Species/2ColumnSubPage/MNR_SAR_BLUE_RCR_EN.html,,,,
62,Bluehearts ,Ontario Ministry of Natural Resources,Bluehearts ,Buchnera americana,~,Endangered species ,~,Website,Plants,http://www.mnr.gov.on.ca/en/Business/Species/2ColumnSubPage/MNR_SAR_BLUEHEARTS_EN.html,,,,
63,Blunt-lobed Woodsia ,Ontario Ministry of Natural Resources,Blunt-lobed Woodsia ,Woodsia obtusa,~,Endangered species ,~,Website,Plants,http://www.mnr.gov.on.ca/en/Business/Species/2ColumnSubPage/MNR_SAR_BLNTLBD_WDSIA_EN.html,,,,
64,Bogbean Buckmoth ,Ontario Ministry of Natural Resources,Bogbean Buckmoth ,Hemileuca sp.,~,Endangered species ,~,Website,Insects,http://www.mnr.gov.on.ca/en/Business/Species/2ColumnSubPage/MNR_SAR_BGBN_BCKMTH_EN.html,,,,
65,Branched Bartonia ,Ontario Ministry of Natural Resources,Branched Bartonia ,Bartonia paniculata,~,Threatened species ,~,Website,Plants,http://www.mnr.gov.on.ca/en/Business/Species/2ColumnSubPage/MNR_SAR_BRNCHD_BRTNIA_EN.html,,,,
66,Bridle Shiner ,Ontario Ministry of Natural Resources,Bridle Shiner ,Notropis bifrenatus,~,Special concern species ,~,Website,Fishes,http://www.mnr.gov.on.ca/en/Business/Species/2ColumnSubPage/MNR_SAR_BRDL_SHNR_EN.html,,,,
67,Broad Beech Fern ,Ontario Ministry of Natural Resources,Broad Beech Fern ,Phegopteris hexagonoptera,~,Special concern species ,~,Website,Plants,http://www.mnr.gov.on.ca/en/Business/Species/2ColumnSubPage/MNR_SAR_BRD_BCH_FRN_EN.html,,,,
68,Butler's Gartersnake ,Ontario Ministry of Natural Resources,Butler's Gartersnake ,Thamnophis butleri,~,Endangered species ,~,Website,Reptiles,http://www.mnr.gov.on.ca/en/Business/Species/2ColumnSubPage/MNR_SAR_BTLRS_GRTRSNK_EN.html,,,,
69,Cerulean Warbler ,Ontario Ministry of Natural Resources,Cerulean Warbler ,Dendroica cerulea,~,Threatened species ,~,Website,Birds,http://www.mnr.gov.on.ca/en/Business/Species/2ColumnSubPage/MNR_SAR_CRLN_WRBLR_EN.html,,,,
70,Channel Darter ,Ontario Ministry of Natural Resources,Channel Darter ,Percina copelandi,~,Threatened species ,~,Website,Fishes,http://www.mnr.gov.on.ca/en/Business/Species/2ColumnSubPage/MNR_SAR_CHNNL_DRTR_EN.html,,,,
71,Cherry Birch ,Ontario Ministry of Natural Resources,Cherry Birch ,Betula lenta,~,Endangered species ,~,Website,Plants,http://www.mnr.gov.on.ca/en/Business/Species/2ColumnSubPage/MNR_SAR_CHRRY_BRCH_EN.html,,,,
72,Climbing Prairie Rose ,Ontario Ministry of Natural Resources,Climbing Prairie Rose ,Rosa setigera,~,Special concern species ,~,Website,Plants,http://www.mnr.gov.on.ca/en/Business/Species/2ColumnSubPage/MNR_SAR_CLMBNG_PRRIE_RS_EN.html,,,,
73,Colicroot ,Ontario Ministry of Natural Resources,Colicroot ,Aletris farinosa,~,Threatened species ,~,Website,Plants,http://www.mnr.gov.on.ca/en/Business/Species/2ColumnSubPage/MNR_SAR_COLICROOT_EN.html,,,,
74,Common Hoptree ,Ontario Ministry of Natural Resources,Common Hoptree ,Ptelea trifoliata,~,Threatened species ,~,Website,Plants,http://www.mnr.gov.on.ca/en/Business/Species/2ColumnSubPage/MNR_SAR_CMMN_HPTREE_EN.html,,,,
75,Crooked-stem Aster ,Ontario Ministry of Natural Resources,Crooked-stem Aster ,Symphyotrichum prenanthoides,~,Threatened species ,~,Website,Plants,http://www.mnr.gov.on.ca/en/Business/Species/2ColumnSubPage/MNR_SAR_CRKD_STM_ASTR_EN.html,,,,
76,Cucumber Tree ,Ontario Ministry of Natural Resources,Cucumber Tree ,Magnolia acuminata,~,Endangered species ,~,Website,Plants,http://www.mnr.gov.on.ca/en/Business/Species/2ColumnSubPage/MNR_SAR_CCMBR_TREE_EN.html,,,,
77,Cutlip Minnow ,Ontario Ministry of Natural Resources,Cutlip Minnow ,Exoglossum maxillingua,~,Threatened species ,~,Website,Fishes,http://www.mnr.gov.on.ca/en/Business/Species/2ColumnSubPage/MNR_SAR_CUTLIP_MNNW_EN.html,,,,
78,Deerberry ,Ontario Ministry of Natural Resources,Deerberry ,Vaccinium stamineum,~,Threatened species ,~,Website,Vascular Plants,http://www.mnr.gov.on.ca/en/Business/Species/2ColumnSubPage/MNR_SAR_DEERBERRY_EN.html,,,,
79,Dense Blazing Star ,Ontario Ministry of Natural Resources,Dense Blazing Star ,Liatris spicata,~,Threatened species ,~,Website,Plants,http://www.mnr.gov.on.ca/en/Business/Species/2ColumnSubPage/MNR_SAR_DNSE_BLZNG_STR_EN.html,,,,
80,Drooping Trillium ,Ontario Ministry of Natural Resources,Drooping Trillium ,Trillium flexipes,~,Endangered species ,~,Website,Plants,http://www.mnr.gov.on.ca/en/Business/Species/2ColumnSubPage/MNR_SAR_DRPNG_TRLLM_EN.html,,,,
81,Dwarf Hackberry ,Ontario Ministry of Natural Resources,Dwarf Hackberry ,Celtis tenuifolia,~,Threatened species ,~,Website,Plants,http://www.mnr.gov.on.ca/en/Business/Species/2ColumnSubPage/MNR_SAR_DWRF_HCKBRRY_EN.html,,,,
82,Dwarf Lake Iris ,Ontario Ministry of Natural Resources,Dwarf Lake Iris ,Iris lacustris,~,Special concern species ,~,Website,Plants,http://www.mnr.gov.on.ca/en/Business/Species/2ColumnSubPage/MNR_SAR_DWRF_LK_IRIS_EN.html,,,,
83,Eastern Flowering Dogwood ,Ontario Ministry of Natural Resources,Eastern Flowering Dogwood ,Cornus florida,~,Endangered species ,~,Website,Plants,http://www.mnr.gov.on.ca/en/Business/Species/2ColumnSubPage/MNR_SAR_E_FLWRNG_DGWD_EN.html,,,,
84,Eastern Meadowlark ,Ontario Ministry of Natural Resources,Eastern Meadowlark ,Sturnella magna,~,Threatened species ,~,Website,Birds,http://www.mnr.gov.on.ca/en/Business/Species/2ColumnSubPage/MNR_SAR_ESTRN_MDWLRK_EN.html,,,,
85,Eastern Mole ,Ontario Ministry of Natural Resources,Eastern Mole ,Scalopus aquaticus,~,Special concern species ,~,Website,Mammals,http://www.mnr.gov.on.ca/en/Business/Species/2ColumnSubPage/MNR_SAR_ESTRN_ML_EN.html,,,,
86,Eastern Musk Turtle (Stinkpot) ,Ontario Ministry of Natural Resources,Eastern Musk Turtle (Stinkpot) ,Sternotherus odoratus,~,Threatened species ,~,Website,Reptiles,http://www.mnr.gov.on.ca/en/Business/Species/2ColumnSubPage/MNR_SAR_ESTRN_MSK_TRTL_EN.html,,,,
87,Eastern Persius Duskywing ,Ontario Ministry of Natural Resources,Eastern Persius Duskywing ,Erynnis persius persius,~,Extirpated species ,~,Website,Insects,http://www.mnr.gov.on.ca/en/Business/Species/2ColumnSubPage/MNR_SAR_E_PRSIUS_DSKYWNG_EN.html,,,,
88,Eastern Prickly Pear Cactus ,Ontario Ministry of Natural Resources,Eastern Prickly Pear Cactus ,Opuntia humifusa,~,Endangered species ,~,Website,Plants,http://www.mnr.gov.on.ca/en/Business/Species/2ColumnSubPage/MNR_SAR_E_PRCKLY_PR_CCTS_EN.html,,,,
89,Eastern Ribbonsnake ,Ontario Ministry of Natural Resources,Eastern Ribbonsnake ,Thamnophis sauritus,~,Special concern species ,~,Website,Reptiles,http://www.mnr.gov.on.ca/en/Business/Species/2ColumnSubPage/MNR_SAR_ESTRN_RBBNSNK_EN.html,,,,
90,Eastern Sand Darter ,Ontario Ministry of Natural Resources,Eastern Sand Darter ,Ammocrypta pellucida,~,Endangered species ,~,Website,Fishes,http://www.mnr.gov.on.ca/en/Business/Species/2ColumnSubPage/MNR_SAR_ESTRN_SND_DRTR_EN.html,,,,
91,Eastern Tiger Salamander ,Ontario Ministry of Natural Resources,Eastern Tiger Salamander ,Ambystoma tigrinum,~,Extirpated species ,~,Website,Amphibians,http://www.mnr.gov.on.ca/en/Business/Species/2ColumnSubPage/MNR_SAR_ESTRN_TGR_SLMNDR_EN.html,,,,
92,Eastern Wolf ,Ontario Ministry of Natural Resources,Eastern Wolf ,Canis lupus lycaon,~,Special concern species ,~,Website,Mammals,http://www.mnr.gov.on.ca/en/Business/Species/2ColumnSubPage/MNR_SAR_ESTRN_WLF_EN.html,,,,
93,Eskimo Curlew ,Ontario Ministry of Natural Resources,Eskimo Curlew ,Numenius borealis,~,Extirpated species ,~,Website,Birds,http://www.mnr.gov.on.ca/en/Business/Species/2ColumnSubPage/MNR_SAR_ESKM_CRLW_EN.html,,,,
94,False Hop Sedge ,Ontario Ministry of Natural Resources,False Hop Sedge ,Carex lupuliformis,~,Endangered species ,~,Website,Plants,http://www.mnr.gov.on.ca/en/Business/Species/2ColumnSubPage/MNR_SAR_FLS_HP_SDG_EN.html,,,,
95,False Rue-anemone ,Ontario Ministry of Natural Resources,False Rue-anemone ,Enemion biternatum,~,Threatened species ,~,Website,Plants,http://www.mnr.gov.on.ca/en/Business/Species/2ColumnSubPage/MNR_SAR_FLS_RU_ANMNE_EN.html,,,,
96,Flooded Jellyskin ,Ontario Ministry of Natural Resources,Flooded Jellyskin ,Leptogium rivulare,~,Threatened species ,~,Website,Lichens,http://www.mnr.gov.on.ca/en/Business/Species/2ColumnSubPage/MNR_SAR_FLDD_JLLYSKN_EN.html,,,,
97,Forked Three-awned Grass ,Ontario Ministry of Natural Resources,Forked Three-awned Grass ,Aristida basiramea,~,Endangered species ,~,Website,Plants,http://www.mnr.gov.on.ca/en/Business/Species/2ColumnSubPage/MNR_SAR_FRKD_3AWND_GRSS_EN.html,,,,
98,Four-leaved Milkweed ,Ontario Ministry of Natural Resources,Four-leaved Milkweed ,Asclepias quadrifolia,~,Endangered species ,~,Website,Plants,http://www.mnr.gov.on.ca/en/Business/Species/2ColumnSubPage/MNR_SAR_FR_LVD_MLKWD_EN.html,,,,
99,Fowler's Toad ,Ontario Ministry of Natural Resources,Fowler's Toad ,Anaxyrus fowleri,~,Endangered species ,~,Website,Amphibians,http://www.mnr.gov.on.ca/en/Business/Species/2ColumnSubPage/MNR_SAR_FWLRS_TOAD_EN.html,,,,
100,Frosted Elfin ,Ontario Ministry of Natural Resources,Frosted Elfin ,Callophrys irus,~,Extirpated species ,~,Website,Insects,http://www.mnr.gov.on.ca/en/Business/Species/2ColumnSubPage/MNR_SAR_FRSTD_ELFN_EN.html,,,,
101,Gattinger's Agalinis ,Ontario Ministry of Natural Resources,Gattinger's Agalinis ,Agalinis gattingeri,~,Endangered species ,~,Website,Plants,http://www.mnr.gov.on.ca/en/Business/Species/2ColumnSubPage/MNR_SAR_GTTNGRS_AGLNS_EN.html,,,,
102,Golden Eagle ,Ontario Ministry of Natural Resources,Golden Eagle ,Aquila chrysaetos,~,Endangered species ,~,Website,Birds,http://www.mnr.gov.on.ca/en/Business/Species/2ColumnSubPage/MNR_SAR_GLDN_EGL_EN.html,,,,
103,Goldenseal ,Ontario Ministry of Natural Resources,Goldenseal ,Hydrastis canadensis,~,Threatened species ,~,Website,Plants,http://www.mnr.gov.on.ca/en/Business/Species/2ColumnSubPage/MNR_SAR_GLDNSEAL_EN.html,,,,
104,Golden-winged Warbler ,Ontario Ministry of Natural Resources,Golden-winged Warbler ,Vermivora chrysoptera,~,Special concern species ,~,Website,Birds,http://www.mnr.gov.on.ca/en/Business/Species/2ColumnSubPage/MNR_SAR_GLDN_WNGND_WRBLR_EN.html,,,,
105,Grass Pickerel ,Ontario Ministry of Natural Resources,Grass Pickerel ,Esox americanus vermiculatus,~,Special concern species ,~,Website,Fishes,http://www.mnr.gov.on.ca/en/Business/Species/2ColumnSubPage/MNR_SAR_GRSS_PCKRL_EN.html,,,,
106,Gravel Chub ,Ontario Ministry of Natural Resources,Gravel Chub ,Erimystax x-punctata,~,Extirpated species ,~,Website,Fishes,http://www.mnr.gov.on.ca/en/Business/Species/2ColumnSubPage/MNR_SAR_GRVL_CHUB_EN.html,,,,
107,Greater Prairie-Chicken ,Ontario Ministry of Natural Resources,Greater Prairie-Chicken ,Tympanuchus cupido,~,Extirpated species ,~,Website,Birds,http://www.mnr.gov.on.ca/en/Business/Species/2ColumnSubPage/MNR_SAR_GRTR_PRRI_CHCKN_EN.html,,,,
108,Green Dragon ,Ontario Ministry of Natural Resources,Green Dragon ,Arisaema dracontium,~,Special concern species ,~,Website,Plants,http://www.mnr.gov.on.ca/en/Business/Species/2ColumnSubPage/MNR_SAR_GRN_DRGN_EN.html,,,,
109,Grey Fox ,Ontario Ministry of Natural Resources,Grey Fox ,Urocyon cinereoargenteus,~,Threatened species ,~,Website,Mammals,http://www.mnr.gov.on.ca/en/Business/Species/2ColumnSubPage/MNR_SAR_GRY_FX_EN.html,,,,
110,Heart-leaved Plantain ,Ontario Ministry of Natural Resources,Heart-leaved Plantain ,Plantago cordata,~,Endangered species ,~,Website,Plants,http://www.mnr.gov.on.ca/en/Business/Species/2ColumnSubPage/MNR_SAR_HRT_LVD_PLNTN_EN.html,,,,
111,Henslow’s Sparrow ,Ontario Ministry of Natural Resources,Henslow’s Sparrow ,Ammodramus henslowii,~,Endangered species ,~,Website,Birds,http://www.mnr.gov.on.ca/en/Business/Species/2ColumnSubPage/MNR_SAR_HNSLWS_SPRRW_EN.html,,,,
112,Hickorynut ,Ontario Ministry of Natural Resources,Hickorynut ,Obovaria olivaria,~,Endangered species ,~,Website,Molluscs,http://www.mnr.gov.on.ca/en/Business/Species/2ColumnSubPage/MNR_SAR_HICKORYNUT_EN.html,,,,
113,Hill's Pondweed ,Ontario Ministry of Natural Resources,Hill's Pondweed ,Potamogeton hillii,~,Special concern species ,~,Website,Plants,http://www.mnr.gov.on.ca/en/Business/Species/2ColumnSubPage/MNR_SAR_HLLS_PNDWD_EN.html,,,,
114,Hill's Thistle ,Ontario Ministry of Natural Resources,Hill's Thistle ,Cirsium hillii,~,Threatened species ,~,Website,Plants,http://www.mnr.gov.on.ca/en/Business/Species/2ColumnSubPage/MNR_SAR_HLLS_THSTL_EN.html,,,,
115,Hine's Emerald ,Ontario Ministry of Natural Resources,Hine's Emerald ,Somatochlora hineana,~,Endangered species ,~,Website,Insects,http://www.mnr.gov.on.ca/en/Business/Species/2ColumnSubPage/MNR_SAR_HINE'S_EMERALD_INS_EN.html,,,,
116,Hoary Mountain-mint ,Ontario Ministry of Natural Resources,Hoary Mountain-mint ,Pycnanthemum incanum,~,Endangered species ,~,Website,Plants,http://www.mnr.gov.on.ca/en/Business/Species/2ColumnSubPage/MNR_SAR_HRY_MNTN_MINT_EN.html,,,,
117,Hooded Warbler ,Ontario Ministry of Natural Resources,Hooded Warbler ,Wilsonia citrina,~,Special concern species ,~,Website,Birds,http://www.mnr.gov.on.ca/en/Business/Species/2ColumnSubPage/MNR_SAR_HDD_WRBLR_EN.html,,,,
118,Horsetail Spike-rush ,Ontario Ministry of Natural Resources,Horsetail Spike-rush ,Eleocharis equisetoides,~,Endangered species ,~,Website,Plants,http://www.mnr.gov.on.ca/en/Business/Species/2ColumnSubPage/MNR_SAR_HRSTL_SPK_RSH_EN.html,,,,
119,Houghton's Goldenrod ,Ontario Ministry of Natural Resources,Houghton's Goldenrod ,Solidago houghtonii,~,Threatened species ,~,Website,Plants,http://www.mnr.gov.on.ca/en/Business/Species/2ColumnSubPage/MNR_SAR_HGHTNS_GLDNRD_EN.html,,,,
120,Hungerford's Crawling Water Beetle ,Ontario Ministry of Natural Resources,Hungerford's Crawling Water Beetle ,Brychius hungerfordi,~,Endangered species ,~,Website,Insects,http://www.mnr.gov.on.ca/en/Business/Species/2ColumnSubPage/MNR_SAR_HGFRD_CR_WA_BE_INS_EN.html,,,,
121,Illinois Tick-trefoil ,Ontario Ministry of Natural Resources,Illinois Tick-trefoil ,Desmodium illinoense,~,Extirpated species ,~,Website,Plants,http://www.mnr.gov.on.ca/en/Business/Species/2ColumnSubPage/MNR_SAR_IL_TCKTRFL_EN.html,,,,
122,Incurved Grizzled Moss ,Ontario Ministry of Natural Resources,Incurved Grizzled Moss ,Ptychomitrium incurvum,~,Extirpated species ,~,Website,Plants,http://www.mnr.gov.on.ca/en/Business/Species/2ColumnSubPage/MNR_SAR_INCRVD_GRZLD_MSS_EN.html,,,,
123,Juniper Sedge ,Ontario Ministry of Natural Resources,Juniper Sedge ,Carex juniperorum,~,Endangered species ,~,Website,Plants,http://www.mnr.gov.on.ca/en/Business/Species/2ColumnSubPage/MNR_SAR_JNPR_SDG_EN.html,,,,
124,Karner Blue ,Ontario Ministry of Natural Resources,Karner Blue ,Lycaeides Melissa Samuelis,~,Extirpated species ,~,Website,Insects,http://www.mnr.gov.on.ca/en/Business/Species/2ColumnSubPage/MNR_SAR_KRNR_BLU_EN.html,,,,
125,Kentucky Coffee-tree ,Ontario Ministry of Natural Resources,Kentucky Coffee-tree ,Gymnocladus dioicus,~,Threatened species ,~,Website,Plants,http://www.mnr.gov.on.ca/en/Business/Species/2ColumnSubPage/MNR_SAR_KY_CFFE_TREE_EN.html,,,,
126,Kidneyshell ,Ontario Ministry of Natural Resources,Kidneyshell ,Ptychobranchus fasciolaris,~,Endangered species ,~,Website,Molluscs,http://www.mnr.gov.on.ca/en/Business/Species/2ColumnSubPage/MNR_SAR_KDNYSHLL_EN.html,,,,
127,King Rail ,Ontario Ministry of Natural Resources,King Rail ,Rallus elegans,~,Endangered species ,~,Website,Birds,http://www.mnr.gov.on.ca/en/Business/Species/2ColumnSubPage/MNR_SAR_KNG_RL_EN.html,,,,
128,Kirtland’s Warbler ,Ontario Ministry of Natural Resources,Kirtland’s Warbler ,Dendroica kirtlandii,~,Endangered species ,~,Website,Birds,http://www.mnr.gov.on.ca/en/Business/Species/2ColumnSubPage/MNR_SAR_KRTLNDS_WRBLR_EN.html,,,,
129,Lake Chubsucker ,Ontario Ministry of Natural Resources,Lake Chubsucker ,Erimyzon sucetta,~,Threatened species ,~,Website,Fishes,http://www.mnr.gov.on.ca/en/Business/Species/2ColumnSubPage/MNR_SAR_LK_CHUBSCKR_EN.html,,,,
130,Lake Erie Watersnake ,Ontario Ministry of Natural Resources,Lake Erie Watersnake ,Nerodia sipedon insularum,~,Endangered species ,~,Website,Reptiles,http://www.mnr.gov.on.ca/en/Business/Species/2ColumnSubPage/MNR_SAR_LK_ERIE_WTRSNK_EN.html,,,,
131,Lakeside Daisy ,Ontario Ministry of Natural Resources,Lakeside Daisy ,Tetraneuris herbacea,~,Threatened species ,~,Website,Plants,http://www.mnr.gov.on.ca/en/Business/Species/2ColumnSubPage/MNR_SAR_LKSD_DSY_EN.html,,,,
132,Large Whorled Pogonia ,Ontario Ministry of Natural Resources,Large Whorled Pogonia ,Isotria verticillata,~,Endangered species ,~,Website,Plants,http://www.mnr.gov.on.ca/en/Business/Species/2ColumnSubPage/MNR_SAR_LG_WHRLD_PGNIA_EN.html,,,,
133,Laura’s Clubtail ,Ontario Ministry of Natural Resources,Laura’s Clubtail ,Stylurus laurae,~,Endangered species ,~,Website,Insects,http://www.mnr.gov.on.ca/en/Business/Species/2ColumnSubPage/MNR_SAR_LRS_CLBTL_EN.html,,,,
134,Least Bittern ,Ontario Ministry of Natural Resources,Least Bittern ,Ixobrychus exilis,~,Threatened species ,~,Website,Birds,http://www.mnr.gov.on.ca/en/Business/Species/2ColumnSubPage/MNR_SAR_LST_BTTRN_EN.html,,,,
135,Little Brown Bat ,Ontario Ministry of Natural Resources,Little Brown Bat ,Myotis lucifugus,~,Endangered species ,~,Website,Mammals,http://www.mnr.gov.on.ca/en/Business/Species/2ColumnSubPage/MNR_SAR_LITTL_BRWN_BAT_EN.html,,,,
136,Louisiana Waterthrush ,Ontario Ministry of Natural Resources,Louisiana Waterthrush ,Seiurus motacilla,~,Special concern species ,~,Website,Birds,http://www.mnr.gov.on.ca/en/Business/Species/2ColumnSubPage/MNR_SAR_LUSN_WTRTHRSH_EN.html,,,,
137,Mapleleaf Mussel ,Ontario Ministry of Natural Resources,Mapleleaf Mussel ,Quadrula quadrula,~,Threatened species ,~,Website,Molluscs,http://www.mnr.gov.on.ca/en/Business/Species/2ColumnSubPage/MNR_SAR_MPLLF_MSSL_EN.html,,,,
138,Massasauga Rattlesnake ,Ontario Ministry of Natural Resources,Massasauga Rattlesnake ,Sistrurus catenatus,~,Threatened species ,~,Website,Reptiles,http://www.mnr.gov.on.ca/en/Business/Species/2ColumnSubPage/MNR_SAR_MSSGA_RTTLSNK_EN.html,,,,
139,Milksnake ,Ontario Ministry of Natural Resources,Milksnake ,Lampropeltis triangulum triangulum,~,Special concern species ,~,Website,Reptiles,http://www.mnr.gov.on.ca/en/Business/Species/2ColumnSubPage/MNR_SAR_MLKSNK_EN.html,,,,
140,Mountain Lion (Cougar) ,Ontario Ministry of Natural Resources,Mountain Lion (Cougar) ,Puma concolor,~,Endangered species ,~,Website,Mammals,http://www.mnr.gov.on.ca/en/Business/Species/2ColumnSubPage/MNR_SAR_MNTN_LN_CGR_EN.html,,,,
141,Nodding Pogonia ,Ontario Ministry of Natural Resources,Nodding Pogonia ,Triphora trianthophora,~,Endangered species ,~,Website,Plants,http://www.mnr.gov.on.ca/en/Business/Species/2ColumnSubPage/MNR_SAR_NDDNG_PGNIA_EN.html,,,,
142,Northern Bobwhite ,Ontario Ministry of Natural Resources,Northern Bobwhite ,Colinus virginianus,~,Endangered species ,~,Website,Birds,http://www.mnr.gov.on.ca/en/Business/Species/2ColumnSubPage/MNR_SAR_NRTHRN_BBWHT_EN.html,,,,
143,Northern Brook Lamprey ,Ontario Ministry of Natural Resources,Northern Brook Lamprey ,Ichthyomyzon fossor,~,Special concern species ,~,Website,Fishes,http://www.mnr.gov.on.ca/en/Business/Species/2ColumnSubPage/MNR_SAR_NRTHN_BRK_LMPRY_EN.html,,,,
144,Northern Dusky Salamander ,Ontario Ministry of Natural Resources,Northern Dusky Salamander ,Desmognathus fuscus,~,Endangered species ,~,Website,Amphibians,http://www.mnr.gov.on.ca/en/Business/Species/2ColumnSubPage/MNR_SAR_NRTH_DSKY_SLMNDR_EN.html,,,,
145,Northern Long-eared Bat ,Ontario Ministry of Natural Resources,Northern Long-eared Bat ,Myotis septentrionalis,~,Endangered species ,~,Website,Mammals,http://www.mnr.gov.on.ca/en/Business/Species/2ColumnSubPage/MNR_SAR_NRTHRN_LNG_E_BAT_EN.html,,,,
146,Northern Madtom ,Ontario Ministry of Natural Resources,Northern Madtom ,Noturus stigmosus,~,Endangered species ,~,Website,Fishes,http://www.mnr.gov.on.ca/en/Business/Species/2ColumnSubPage/MNR_SAR_NRTHN_MDTM_EN.html,,,,
147,Northern Map Turtle ,Ontario Ministry of Natural Resources,Northern Map Turtle ,Graptemys geographica,~,Special concern species ,~,Website,Reptiles,http://www.mnr.gov.on.ca/en/Business/Species/2ColumnSubPage/MNR_SAR_NRTHRN_MAP_TRTL_EN.html,,,,
148,Northern Riffleshell ,Ontario Ministry of Natural Resources,Northern Riffleshell ,Epioblasma torulosa rangiana,~,Endangered species ,~,Website,Molluscs,http://www.mnr.gov.on.ca/en/Business/Species/2ColumnSubPage/MNR_SAR_NRTHN_RFFLSHELL_EN.html,,,,
149,Paddlefish ,Ontario Ministry of Natural Resources,Paddlefish ,Polyodon spathula,~,Extirpated species ,~,Website,Fishes,http://www.mnr.gov.on.ca/en/Business/Species/2ColumnSubPage/MNR_SAR_PADDLEFISH_EN.html,,,,
150,Pink Milkwort ,Ontario Ministry of Natural Resources,Pink Milkwort ,Polygala incarnata,~,Endangered species ,~,Website,Plants,http://www.mnr.gov.on.ca/en/Business/Species/2ColumnSubPage/MNR_SAR_PNK_MLKWRT_EN.html,,,,
151,Pitcher's Thistle ,Ontario Ministry of Natural Resources,Pitcher's Thistle ,Cirsium pitcheri,~,Threatened species ,~,Website,Plants,http://www.mnr.gov.on.ca/en/Business/Species/2ColumnSubPage/MNR_SAR_PTCHRS_THSTL_EN.html,,,,
152,Prothonotary Warbler ,Ontario Ministry of Natural Resources,Prothonotary Warbler ,Protonotaria citrea,~,Endangered species ,~,Website,Birds,http://www.mnr.gov.on.ca/en/Business/Species/2ColumnSubPage/MNR_SAR_PRTHNTRY_WRBLR_EN.html,,,,
153,Pugnose Minnow ,Ontario Ministry of Natural Resources,Pugnose Minnow ,Opsopoeodus emiliae,~,Threatened species ,~,Website,Fishes,http://www.mnr.gov.on.ca/en/Business/Species/2ColumnSubPage/MNR_SAR_PGNS_MNNW_EN.html,,,,
154,Pugnose Shiner ,Ontario Ministry of Natural Resources,Pugnose Shiner ,Notropis anogenus,~,Endangered species ,~,Website,Fishes,http://www.mnr.gov.on.ca/en/Business/Species/2ColumnSubPage/MNR_SAR_PGNS_SHNR_EN.html,,,,
155,Purple Twayblade ,Ontario Ministry of Natural Resources,Purple Twayblade ,Liparis liliifolia,~,Threatened species ,~,Website,Plants,http://www.mnr.gov.on.ca/en/Business/Species/2ColumnSubPage/MNR_SAR_PRPL_TWYBLD_EN.html,,,,
156,Pygmy Pocket Moss ,Ontario Ministry of Natural Resources,Pygmy Pocket Moss ,Fissidens exilis,~,Special concern species ,~,Website,Plants,http://www.mnr.gov.on.ca/en/Business/Species/2ColumnSubPage/MNR_SAR_PYGMY_PCKT_MSS_EN.html,,,,
157,Pygmy Snaketail ,Ontario Ministry of Natural Resources,Pygmy Snaketail ,Ophiogomphus howei,~,Endangered species ,~,Website,Insects,http://www.mnr.gov.on.ca/en/Business/Species/2ColumnSubPage/MNR_SAR_PYGMY_SNAKETAIL_INS_EN.html,,,,
158,Queensnake ,Ontario Ministry of Natural Resources,Queensnake ,Regina septemvittata,~,Threatened species ,~,Website,Reptiles,http://www.mnr.gov.on.ca/en/Business/Species/2ColumnSubPage/MNR_SAR_QUEENSNK_EN.html,,,,
159,Rainbow Mussel ,Ontario Ministry of Natural Resources,Rainbow Mussel ,Villosa iris,~,Threatened species ,~,Website,Molluscs,http://www.mnr.gov.on.ca/en/Business/Species/2ColumnSubPage/MNR_SAR_RNBW_MSSL_EN.html,,,,
160,Rayed Bean ,Ontario Ministry of Natural Resources,Rayed Bean ,Villosa fabalis,~,Endangered species ,~,Website,Molluscs,http://www.mnr.gov.on.ca/en/Business/Species/2ColumnSubPage/MNR_SAR_RAYED_BEAN_EN.html,,,,
161,Red-headed Woodpecker ,Ontario Ministry of Natural Resources,Red-headed Woodpecker ,Melanerpes erythrocephalus,~,Special concern species ,~,Website,Birds,http://www.mnr.gov.on.ca/en/Business/Species/2ColumnSubPage/MNR_SAR_RDHDD_WDPCKR_EN.html,,,,
162,Riddell's Goldenrod ,Ontario Ministry of Natural Resources,Riddell's Goldenrod ,Solidago riddellii,~,Special concern species ,~,Website,Plants,http://www.mnr.gov.on.ca/en/Business/Species/2ColumnSubPage/MNR_SAR_RDDLLS_GLDNRD_EN.html,,,,
163,River Redhorse ,Ontario Ministry of Natural Resources,River Redhorse ,Moxostoma carinatum,~,Special concern species ,~,Website,Fishes,http://www.mnr.gov.on.ca/en/Business/Species/2ColumnSubPage/MNR_SAR_RVR_RDHRS_EN.html,,,,
164,Round Hickorynut ,Ontario Ministry of Natural Resources,Round Hickorynut ,Obovaria subrotunda,~,Endangered species ,~,Website,Molluscs,http://www.mnr.gov.on.ca/en/Business/Species/2ColumnSubPage/MNR_SAR_RND_HCKRYNUT_EN.html,,,,
165,Round Pigtoe ,Ontario Ministry of Natural Resources,Round Pigtoe ,Pleurobema sintoxia,~,Endangered species ,~,Website,Molluscs,http://www.mnr.gov.on.ca/en/Business/Species/2ColumnSubPage/MNR_SAR_RND_PIGTOE_EN.html,,,,
166,Round-leaved Greenbrier ,Ontario Ministry of Natural Resources,Round-leaved Greenbrier ,Smilax rotundifolia,~,Threatened species ,~,Website,Plants,http://www.mnr.gov.on.ca/en/Business/Species/2ColumnSubPage/MNR_SAR_RND_LVD_GRNBRR_EN.html,,,,
167,Rusty-patched Bumble Bee ,Ontario Ministry of Natural Resources,Rusty-patched Bumble Bee ,Bombus affinis,~,Endangered species ,~,Website,Insects,http://www.mnr.gov.on.ca/en/Business/Species/2ColumnSubPage/MNR_SAR_RSTY_PTCHD_BMBL_B_EN.html,,,,
168,Salamander Mussel ,Ontario Ministry of Natural Resources,Salamander Mussel ,Simpsonaias ambigua,~,Endangered species ,~,Website,Molluscs,http://www.mnr.gov.on.ca/en/Business/Species/2ColumnSubPage/MNR_SAR_SLMNDR_MSSL_EN.html,,,,
169,Scarlet Ammannia ,Ontario Ministry of Natural Resources,Scarlet Ammannia ,Ammannia robusta,~,Endangered species ,~,Website,Plants,http://www.mnr.gov.on.ca/en/Business/Species/2ColumnSubPage/MNR_SAR_SCRLT_AMMNN_EN.html,,,,
170,Short-eared Owl ,Ontario Ministry of Natural Resources,Short-eared Owl ,Asio flammeus,~,Special concern species ,~,Website,Birds,http://www.mnr.gov.on.ca/en/Business/Species/2ColumnSubPage/MNR_SAR_SHRT_ERD_OWL_EN.html,,,,
171,Shortjaw Cisco ,Ontario Ministry of Natural Resources,Shortjaw Cisco ,Coregonus zenithicus,~,Threatened species ,~,Website,Fishes,http://www.mnr.gov.on.ca/en/Business/Species/2ColumnSubPage/MNR_SAR_SHRTJW_CISCO_EN.html,,,,
172,Shortnose Cisco ,Ontario Ministry of Natural Resources,Shortnose Cisco ,Coregonus reighardi,~,Endangered species ,~,Website,Fishes,http://www.mnr.gov.on.ca/en/Business/Species/2ColumnSubPage/MNR_SAR_SHRTNS_CISCO_EN.html,,,,
173,Showy Goldenrod ,Ontario Ministry of Natural Resources,Showy Goldenrod ,Solidago speciosa,~,Threatened species (Boreal population); Endangered species (Great Lakes Plains population) ,~,Website,Plants,http://www.mnr.gov.on.ca/en/Business/Species/2ColumnSubPage/MNR_SAR_SHWY_GLDNRD_EN.html,,,,
174,Shumard Oak ,Ontario Ministry of Natural Resources,Shumard Oak ,Quercus shumardii,~,Special concern species ,~,Website,Plants,http://www.mnr.gov.on.ca/en/Business/Species/2ColumnSubPage/MNR_SAR_SHMRD_OAK_EN.html,,,,
175,Silver Chub ,Ontario Ministry of Natural Resources,Silver Chub ,Macrhybopsis storeriana,~,Special concern species ,~,Website,Fishes,http://www.mnr.gov.on.ca/en/Business/Species/2ColumnSubPage/MNR_SAR_SLVR_CHUB_EN.html,,,,
176,Silver Lamprey ,Ontario Ministry of Natural Resources,Silver Lamprey ,Ichthyomyzon unicuspis,~,Special concern species (Great Lakes — Upper St. Lawrence River Population) ,~,Website,Fishes,http://www.mnr.gov.on.ca/en/Business/Species/2ColumnSubPage/MNR_SAR_SILVR_LMPRY_EN.html,,,,
177,Silver Shiner ,Ontario Ministry of Natural Resources,Silver Shiner ,Notropis photogenis,~,Special concern species ,~,Website,Fishes,http://www.mnr.gov.on.ca/en/Business/Species/2ColumnSubPage/MNR_SAR_SLVR_SHNR_EN.html,,,,
178,Skinner's Agalinis ,Ontario Ministry of Natural Resources,Skinner's Agalinis ,Agalinis skinneriana,~,Endangered species ,~,Website,Plants,http://www.mnr.gov.on.ca/en/Business/Species/2ColumnSubPage/MNR_SAR_SKNNRS_AGLNS_EN.html,,,,
179,Slender Bush-clover ,Ontario Ministry of Natural Resources,Slender Bush-clover ,Lespedeza virginica,~,Endangered species ,~,Website,Plants,http://www.mnr.gov.on.ca/en/Business/Species/2ColumnSubPage/MNR_SAR_SLNDR_BSH_CLVR_EN.html,,,,
180,Small White Lady's-slipper ,Ontario Ministry of Natural Resources,Small White Lady's-slipper ,Cypripedium candidum,~,Endangered species ,~,Website,Plants,http://www.mnr.gov.on.ca/en/Business/Species/2ColumnSubPage/MNR_SAR_SML_WHT_LDY_SLPR_EN.html,,,,
181,Small Whorled Pogonia ,Ontario Ministry of Natural Resources,Small Whorled Pogonia ,Isotria medeoloides,~,Endangered species ,~,Website,Plants,http://www.mnr.gov.on.ca/en/Business/Species/2ColumnSubPage/MNR_SAR_SML_WHRLD_PGNIA_EN.html,,,,
182,Small-flowered Lipocarpha ,Ontario Ministry of Natural Resources,Small-flowered Lipocarpha ,Lipocarpha micrantha,~,Threatened species ,~,Website,Plants,http://www.mnr.gov.on.ca/en/Business/Species/2ColumnSubPage/MNR_SAR_SML_FLWRD_LPCRPH_EN.html,,,,
183,Small-mouthed Salamander ,Ontario Ministry of Natural Resources,Small-mouthed Salamander ,Ambystoma texanum,~,Endangered species ,~,Website,Amphibians,http://www.mnr.gov.on.ca/en/Business/Species/2ColumnSubPage/MNR_SAR_SML_MTH_SLMNDR_EN.html,,,,
184,Snuffbox ,Ontario Ministry of Natural Resources,Snuffbox ,Epioblasma triquetra,~,Endangered species ,~,Website,Molluscs,http://www.mnr.gov.on.ca/en/Business/Species/2ColumnSubPage/MNR_SAR_SNUFFBOX_EN.html,,,,
185,Spiny Softshell ,Ontario Ministry of Natural Resources,Spiny Softshell ,Apalone spinifera spinifera,~,Threatened species ,~,Website,Reptiles,http://www.mnr.gov.on.ca/en/Business/Species/2ColumnSubPage/MNR_SAR_SPNY_SFTSHL_EN.html,,,,
186,Spoon-leaved Moss ,Ontario Ministry of Natural Resources,Spoon-leaved Moss ,Bryoandersonia illecebra,~,Endangered species ,~,Website,Plants,http://www.mnr.gov.on.ca/en/Business/Species/2ColumnSubPage/MNR_SAR_SPN_LVD_MSS_EN.html,,,,
187,Spotted Gar ,Ontario Ministry of Natural Resources,Spotted Gar ,Lepisosteus oculatus,~,Threatened species ,~,Website,Fishes,http://www.mnr.gov.on.ca/en/Business/Species/2ColumnSubPage/MNR_SAR_SPTTD_GAR_EN.html,,,,
188,Spotted Sucker ,Ontario Ministry of Natural Resources,Spotted Sucker ,Minytrema melanops,~,Special concern species ,~,Website,Fishes,http://www.mnr.gov.on.ca/en/Business/Species/2ColumnSubPage/MNR_SAR_SPTTD_SCKR_EN.html,,,,
189,Spotted Turtle ,Ontario Ministry of Natural Resources,Spotted Turtle ,Clemmys guttata,~,Endangered species ,~,Website,Reptiles,http://www.mnr.gov.on.ca/en/Business/Species/2ColumnSubPage/MNR_SAR_SPTTD_TRTL_EN.html,,,,
190,Spotted Wintergreen ,Ontario Ministry of Natural Resources,Spotted Wintergreen ,Chimaphila maculata,~,Endangered species ,~,Website,Plants,http://www.mnr.gov.on.ca/en/Business/Species/2ColumnSubPage/MNR_SAR_SPTTD_WNTRGRN_EN.html,,,,
191,Spring Blue-eyed Mary ,Ontario Ministry of Natural Resources,Spring Blue-eyed Mary ,Collinsia verna,~,Extirpated species ,~,Website,Plants,http://www.mnr.gov.on.ca/en/Business/Species/2ColumnSubPage/MNR_SAR_SPRNG_BL_EYD_MRY_EN.html,,,,
192,Spring Salamander ,Ontario Ministry of Natural Resources,Spring Salamander ,Gyrinophilus porphyriticus,~,Extirpated species ,~,Website,Amphibians,http://www.mnr.gov.on.ca/en/Business/Species/2ColumnSubPage/MNR_SAR_SPRING_SALAMANDER_EN.html,,,,
193,Swamp Rose-mallow ,Ontario Ministry of Natural Resources,Swamp Rose-mallow ,Hibiscus moscheutos,~,Special concern species ,~,Website,Plants,http://www.mnr.gov.on.ca/en/Business/Species/2ColumnSubPage/MNR_SAR_SWMP_RS_MLLW_EN.html,,,,
194,Timber Ratlesnake ,Ontario Ministry of Natural Resources,Timber Ratlesnake ,Crotalus horridus,~,Extirpated species ,~,Website,Reptiles,http://www.mnr.gov.on.ca/en/Business/Species/2ColumnSubPage/MNR_SAR_TIMBER_RATTLESNAKE_EN.html,,,,
195,Toothcup ,Ontario Ministry of Natural Resources,Toothcup ,Rotala ramosior,~,Endangered species ,~,Website,Plants,http://www.mnr.gov.on.ca/en/Business/Species/2ColumnSubPage/MNR_SAR_TOOTHCUP_EN.html,,,,
196,Tuberous Indian-plantain ,Ontario Ministry of Natural Resources,Tuberous Indian-plantain ,Arnoglossum plantagineum,~,Special concern species ,~,Website,Plants,http://www.mnr.gov.on.ca/en/Business/Species/2ColumnSubPage/MNR_SAR_TBRS_INDN_PLNTN_EN.html,,,,
197,Upper Great Lakes Kiyi ,Ontario Ministry of Natural Resources,Upper Great Lakes Kiyi ,Coregonus kiyi kiyi,~,Special concern species ,~,Website,Fishes,http://www.mnr.gov.on.ca/en/Business/Species/2ColumnSubPage/MNR_SAR_UPPR_GRT_LKS_KIYI_EN.html,,,,
198,Virginia Goat's-rue ,Ontario Ministry of Natural Resources,Virginia Goat's-rue ,Tephrosia virginiana,~,Endangered species ,~,Website,Plants,http://www.mnr.gov.on.ca/en/Business/Species/2ColumnSubPage/MNR_SAR_VRGNA_GTS_RU_EN.html,,,,
199,Warmouth ,Ontario Ministry of Natural Resources,Warmouth ,Lepomis gulosus,~,Special concern species ,~,Website,Fishes,http://www.mnr.gov.on.ca/en/Business/Species/2ColumnSubPage/MNR_SAR_WARMOUTH_EN.html,,,,
200,Wavy-rayed Lampmussel ,Ontario Ministry of Natural Resources,Wavy-rayed Lampmussel ,Lampsilis fasciola,~,Threatened species ,~,Website,Molluscs,http://www.mnr.gov.on.ca/en/Business/Species/2ColumnSubPage/MNR_SAR_WVY_RYD_LMPMSSL_EN.html,,,,
201,West Virginia White ,Ontario Ministry of Natural Resources,West Virginia White ,Pieris virginiensis,~,Special concern species ,~,Website,Insects,http://www.mnr.gov.on.ca/en/Business/Species/2ColumnSubPage/MNR_SAR_WST_VRGN_WHT_EN.html,,,,
202,White Prairie Gentian ,Ontario Ministry of Natural Resources,White Prairie Gentian ,Gentiana alba,~,Endangered species ,~,Website,Plants,http://www.mnr.gov.on.ca/en/Business/Species/2ColumnSubPage/MNR_SAR_WHT_PRR_GNTN_EN.html,,,,
203,White Wood Aster ,Ontario Ministry of Natural Resources,White Wood Aster ,Eurybia divaricata,~,Threatened species ,~,Website,Plants,http://www.mnr.gov.on.ca/en/Business/Species/2ColumnSubPage/MNR_SAR_WHT_WD_ASTR_EN.html,,,,
204,Wild Hyacinth ,Ontario Ministry of Natural Resources,Wild Hyacinth ,Camassia scilloides,~,Threatened species ,~,Website,Plants,http://www.mnr.gov.on.ca/en/Business/Species/2ColumnSubPage/MNR_SAR_WLD_HYCNTH_EN.html,,,,
205,Willowleaf Aster ,Ontario Ministry of Natural Resources,Willowleaf Aster ,Symphyotrichum praealtum,~,Threatened species ,~,Website,Plants,http://www.mnr.gov.on.ca/en/Business/Species/2ColumnSubPage/MNR_SAR_WLLWLF_ASTR_EN.html,,,,
206,Wolverine ,Ontario Ministry of Natural Resources,Wolverine ,Gulo gulo,~,Threatened species ,~,Website,Mammals,http://www.mnr.gov.on.ca/en/Business/Species/2ColumnSubPage/MNR_SAR_WLVRN_EN.html,,,,
207,Woodland Vole ,Ontario Ministry of Natural Resources,Woodland Vole ,Microtus pinetorum,~,Special concern species ,~,Website,Mammals,http://www.mnr.gov.on.ca/en/Business/Species/2ColumnSubPage/MNR_SAR_WDLND_VL_EN.html,,,,
208,Wood-poppy ,Ontario Ministry of Natural Resources,Wood-poppy ,Stylophorum diphyllum,~,Endangered species ,~,Website,Plants,http://www.mnr.gov.on.ca/en/Business/Species/2ColumnSubPage/MNR_SAR_WD_PPPY_EN.html,,,,
209,Yellow Rail ,Ontario Ministry of Natural Resources,Yellow Rail ,Coturnicops noveboracensis,~,Special concern species ,~,Website,Birds,http://www.mnr.gov.on.ca/en/Business/Species/2ColumnSubPage/MNR_SAR_YLLW_RL_EN.html,,,,
210,Yellow-breasted Chat ,Ontario Ministry of Natural Resources,Yellow-breasted Chat ,Icteria virens,~,Endangered species,~,Website,Birds,http://www.mnr.gov.on.ca/en/Business/Species/2ColumnSubPage/MNR_SAR_YLLW_BRESTD_CHT_EN.html,,,,
211,Endangered Species Act Permit Process - Understanding the Activity Review and Overall Benefit Permitting Process,Ontario Ministry of Natural Resources,~,~,~,~,Assessment of adverse effects to species at risk and their habitat; Avoidance and mitigation of adverse effects; Inventory and monitoring; Other,"Guidance documents - policies, procedures, protocols, best practices, manuals; Factsheet",~,http://www.mnr.gov.on.ca/stdprodconsume/groups/lr/@mnr/@species/documents/document/stdprod_084992.pdf ,,,,
212,Endangered Species Act Submission Standards for Activity Review and 17 (2)(c) Overall Benefit Permits,Ontario Ministry of Natural Resources,~,~,~,~,Assessment of adverse effects to species at risk and their habitat; Avoidance and mitigation of adverse effects; Inventory and monitoring; Other,"Guidance documents - policies, procedures, protocols, best practices, manuals",~,http://www.mnr.gov.on.ca/stdprodconsume/groups/lr/@mnr/@species/documents/document/stdprod_093115.pdf ,,,,
213,The facts about bat rabies,Ontario Ministry of Natural Resources,Northern Myotis (Bat); Little Brown Myotis (Bat),Myotis lucifugu; Myotis septentrionalis,Education; Mining; Services to Buildings and Dwellings; Other,"Protection of health or safety, etc.","Building/house construction, repair, maintenance, renovation, removal, or replacement; Education and outreach - manuals, training, signage, etc.",Factsheet,Mammals ,http://www.mnr.gov.on.ca/stdprodconsume/groups/lr/@mnr/@rabies/documents/document/mnr_e002215.pdf,,,,
214,Information Gathering Form for activities that may affect species or habitat protected under the Endangered Species Act,Ontario Ministry of Natural Resources,~,~,"Government (Federal, Provincial, Municipal)",~,Environmental stewardship; Exterminating and Pest Control Services ,Form,~,http://www.forms.ssb.gov.on.ca/mbs/ssb/forms/ssbforms.nsf/FormDetail?OpenForm&ACT=RDR&TAB=PROFILE&SRCH=1&ENV=WWE&TIT=0180&NO=018-0180E ,,,,
215,Butternut Assessment Guidelines - Assessment of Butternut Tree Health for the Purposes of the Endangered Species Act ,Ontario Ministry of Natural Resources,Butternut,Juglans cinerea,~,Butternut,"Tree planting; Greenhouse, nursery and floriculture production; Species handling, collection, capture, possession or release; Plant grafting; Plant propagation; Tansplanting and translocation; Other","Guidance documents - policies, procedures, protocols, best practices, manuals",Plants,http://www.mnr.gov.on.ca/stdprodconsume/groups/lr/@mnr/@species/documents/document/stdprod_085841.pdf ,,,,
216,Endangered Species Act Permit Pre-Assessment Checklist,Ontario Ministry of Natural Resources,~,~,~,~,Assessment of adverse effects to species at risk and their habitat; Avoidance and mitigation of adverse effects; Inventory and monitoring; Other,"Guidance documents - policies, procedures, protocols, best practices, manuals",~,http://www.mnr.gov.on.ca/stdprodconsume/groups/lr/@mnr/@species/documents/document/stdprod_084993.pdf ,,,,
217,Southern Ontario Tree Seed Zone Atlas,Ontario Ministry of Natural Resources,~,~,~,Butternut,"Tree planting; Greenhouse, nursery and floriculture production; Species handling, collection, capture, possession or release; Plant grafting; Plant propagation; Tansplanting and translocation; Other","Guidance documents - policies, procedures, protocols, best practices, manuals; Book; Brochure; Other",Plants,http://www.mnr.gov.on.ca/stdprodconsume/groups/lr/@mnr/@species/documents/document/stdprod_086445.pdf ,,,,
218,Avoidance Alternatives Form for activities that may require an overall benefit permit under clause 17 (2)(c) of the Endangered Species Act,Ontario Ministry of Natural Resources,~,~,"Government (Federal, Provincial, Municipal)",~,Avoidance and mitigation of adverse effects,Form,~,http://www.forms.ssb.gov.on.ca/mbs/ssb/forms/ssbforms.nsf/FormDetail?OpenForm&ACT=RDR&TAB=PROFILE&SRCH=&ENV=WWE&TIT=0178&NO=018-0178E ,,,,
219,Application for an overall benefit permit under clause 17(2)(c) of the Endangered Species Act,Ontario Ministry of Natural Resources,~,~,"Government (Federal, Provincial, Municipal)",~,Avoidance and mitigation of adverse effects; Other,Form,~,http://www.forms.ssb.gov.on.ca/mbs/ssb/forms/ssbforms.nsf/FormDetail?OpenForm&ACT=RDR&TAB=PROFILE&SRCH=1&ENV=WWE&TIT=0179&NO=018-0179E,,,,
220,Protecting Species at Risk Habitat Under the Endangered Species Act,Ontario Ministry of Natural Resources,American badger; American white pelican; Barn owl; Bent spike-rush; Common five-lined skink; Eastern flowering dogwood; Eastern Foxsnake; Eastern prairie fringed-orchid; Engelmann’s quillwort; Few-flowered club-rush habitat; Gray ratsnake; Jefferson salamander; Northern barrens tiger beetle; Ogden’s pondweed; Pale-bellied frost lichen; Peregrine falcon; Rapids clubtail; Redside dace; Virginia mallow; Western silvery aster; Wood turtle,Taxidea taxus; Pelecanus erythrorhynchos; Tyto alba; Eleocharis geniculata; Plestiodon fasciatus; Cornus florida [PDF fact sheet]; Pantherophis gloydi; Platanthera leucophaea; Isoetes engelmannii; Trichophorum planifolium; Pantherophis spiloides; Ambystoma jeffersonianum; Cicindela patruela; Potamogeton ogdenii; Physconia subpallida; Falco peregrinus; Gomphus quadricolor; Clinostomus elongates; Sida hermaphrodita; Symphyotrichum sericeum; Glyptemys insculpta,~,American badger habitat; American white pelican habitat; Barn owl habitat; Bent spike-rush habitat; Common five-lined skink (Carolinian population) habitat; Eastern flowering dogwood habitat; Eastern Foxsnake (Carolinian population) habitat; Eastern Foxsnake (Georgian Bay population) habitat; Eastern prairie fringed-orchid habitat; Engelmann’s quillwort habitat; Few-flowered club-rush habitat; Gray ratsnake (Carolinian population) habitat; Gray ratsnake (Frontenac Axis population) habitat; Jefferson salamander habitat; Northern barrens tiger beetle habitat; Ogden’s pondweed habitat; Pale-bellied frost lichen habitat; Peregrine falcon habitat; Rapids clubtail habitat; Redside dace habitat; Virginia mallow habitat; Western silvery aster habitat; Wood turtle habitat,~,Factsheet,~,http://www.mnr.gov.on.ca/stdprodconsume/groups/lr/@mnr/@species/documents/factsheet/stdprod_097793.pdf,,,,
221,Categorizing and Protecting Habitat under the Endangered Species Act,Ontario Ministry of Natural Resources,~,~,~,~,Assessment of adverse effects to species at risk and their habitat; Avoidance and mitigation of adverse effects; Inventory and monitoring; Other,"Guidance documents - policies, procedures, protocols, best practices, manuals",~,http://www.mnr.gov.on.ca/stdprodconsume/groups/lr/@mnr/@species/documents/document/stdprod_085648.pdf,,,,
222,Species At Risk Farm Incentrive Program - An Environmental Cost-Share Funding Opportunity for Farmers 2012-2013,"Ontario Ministry of Natural Resources, Government of Canada, Ontario Farm Environmental Coalition, Ontario Soil and Crop Improvement Association",Bobolink; Eastern Meadowlark,Dolichonyx Oryzixorous; Sturnella magna,Agriculture; Environmental Stewardship (e.g. non-profit),~,"Animal production; Crop production; Education and outreach - manuals, training, signage, etc.; Environmental stewardship; Habitat restoration, rehabilitation, enhancement, creation and management (including artificial habitat structure creation/installation)",Brochure,~,http://www.mnr.gov.on.ca/stdprodconsume/groups/lr/@mnr/@species/documents/document/260037.pdf,,,,
223,Bats: enjoy them from a distance,Ontario Ministry of Natural Resources,Northern Myotis (Bat); Little Brown Myotis (Bat),Myotis lucifugu; Myotis septentrionalis,Education; Mining; Services to Buildings and Dwellings; Other,"Protection of health or safety, etc.","Building/house construction, repair, maintenance, renovation, removal, or replacement; Education and outreach - manuals, training, signage, etc.",Factsheet,Mammals,http://www.mnr.gov.on.ca/stdprodconsume/groups/lr/@mnr/@rabies/documents/document/stdprod_096975.pdf,,,,
224,A synthesis of operational mitigation studies to reduce bat fatalities at wind energy facilities in North America,"Arnett, E. B., G. D. Johnson, W. P. Erickson, and C. D. Hein",Northern Myotis (Bat); Little Brown Myotis (Bat),Myotis lucifugu; Myotis septentrionalis,Electric Power Generation,Wind facilities,Electric Power Generation (Wind); Avoidance and mitigation of adverse effects,Report,Mammals,http://www.mnr.gov.on.ca/stdprodconsume/groups/lr/@mnr/@species/documents/document/mnr_sar_tx_bat_mit_stdy_enfr.pdf,PDF,,,Not needed - it is in the coversheet
225,Things you can do to promote bat conservation,Bat Conservation International,Northern Myotis (Bat); Little Brown Myotis (Bat),Myotis lucifugu; Myotis septentrionalis,Environmental Stewardship (e.g. non-profit),~,"Building/house construction, repair, maintenance, renovation, removal, or replacement; Education and outreach - manuals, training, signage, etc.; Environmental stewardship; Habitat restoration, rehabilitation, enhancement, creation and management (including artificial habitat structure creation/installation); Inventory and monitoring; Mining - exploration, extraction, rehabilitation, decommissioning; Vegetation management - clearing, tree removal, pruning, stripping, insecticide, herbicide, fungicide, fertilizer, prescribed burns",Factsheet,Mammals,http://www.mnr.gov.on.ca/stdprodconsume/groups/lr/@mnr/@species/documents/document/mnr_sar_tx_bat_cnsrv_enfr.pdf,PDF,,,Not needed - it is in the coversheet
226,Chimney Swift (Chaetura pelagica) Monitoring Protocol,Bird Studies Canada,Chimney Swift,Chaetura pelagica,Environmental Stewardship (e.g. non-profit),Chimney swift,"Building/house construction, repair, maintenance, renovation, removal, or replacement.","Guidance documents - policies, procedures, protocols, best practices, manuals",Birds,http://www.mnr.gov.on.ca/stdprodconsume/groups/lr/@mnr/@species/documents/document/mnr_sar_tx_chm_proto_enfr.pdf,PDF,,,Not needed - it is in the coversheet
227,Erosion and Sediment Control Guideline for Urban Construction,"Greater Golden Horseshoe Area Conservation Authorities, Fisheries and Oceans Canada, Environment Canada, and Ontario Ministry of Natural Resources",~,~,"Drainage & Stormwater Management; Water Supply and Irrigation Systems; Sewage Treatment Facilities; Development (Residential); Development (Non-residential); Transportation (Roads & Water Crossing); Government (Federal, Provincial, Municipal)",Transition — development and infrastructure; Development and infrastructure — redside dace; Newly-listed and transition species – development; Aquatic Species; Drainage works,"Avoidance and mitigation of adverse effects; Bridge and culvert construction, repair, maintenance and replacement; Building/house construction, repair, maintenance, renovation, removal, or replacement; Ditch creation and management; Drainage works; Land Use planning; Landscaping Services; Power and Communication Line and Related Structures Construction; Sediment and erosion control, bank stabilization; Sewage or Waste Treatment and Disposal; Species exclusion - fencing, cofferdams, etc.; Stormwater management; Transportation (Other) development, maintenance or decommissioning; Transportation (Rail) development, maintenance or decommissioning; Transportation (Roads and Water Crossings) development, maintenance or decommissioning; Water and Sewer Line and Related Structures Construction; Water level modification - dams/coffer-dams, flooding, de-watering, diversions, draw-downs, water flow control, etc.; Water Supply and Irrigation works","Guidance documents - policies, procedures, protocols, best practices, manuals",Fishes; Molluscs,http://www.mnr.gov.on.ca/stdprodconsume/groups/lr/@mnr/@species/documents/document/mnr_sar_tx_ersn_cntrl_enfr.pdf,PDF,,,Not needed - it is in the coversheet
228,Adaptive management of stream corridors in Ontario,Ontario Ministry of Natural Resources and Watershed Science Centre,~,~,"Drainage & Stormwater Management; Development (Residential); Development (Non-residential); Transportation (Roads & Water Crossing); Government (Federal, Provincial, Municipal)",~,Land Use planning,"Guidance documents - policies, procedures, protocols, best practices, manuals",Fishes; Molluscs,http://www.mnr.gov.on.ca/stdprodconsume/groups/lr/@mnr/@species/documents/document/mnr_sar_tx_strm_crrdr_enfr.pdf,PDF,,,Not needed - it is in the coversheet
229,Protocol for the detection and relocation of freshwater mussel species at risk in Ontario-Great Lakes Area (OGLA),"Mackie, G., T. J., Morris, and D. Ming",~,~,Transportation (Roads & Water Crossing); Development (Non-residential); Emergency Services; Marinas,"Aquatic species; Newly-listed and transition species - development; Threats to health and safety, not imminent; ","Inventory and monitoring; Species transplantation or translocation; Species handling, collection, capture, possession or release; Bridge and culvert construction, repair, maintenance and replacement; Drainage works; Dredging; Electric Power Transmission, Control and Distribution; Emergency and Other Relief Services; Transportation (Roads and Water Crossings) development, maintenance or decommissioning; Water level modification - dams/coffer-dams, flooding, de-watering, diversions, draw-downs, water flow control, etc.","Guidance documents - policies, procedures, protocols, best practices, manuals",Molluscs,http://www.mnr.gov.on.ca/stdprodconsume/groups/lr/@mnr/@species/documents/document/mnr_sar_tx_mssl_proto_enfr.pdf,PDF,,,Not needed - it is in the coversheet
230,Reptile and Amphibian Exclusion Fencing: Best Practices,Ontario Ministry of Natural Resources,~,~,Aggregates; Forestry; Oil and Gas Extraction; Mining; Development (Residential); Development (Non-residential); Transportation (Other); Transportation (Rail); Transportation (Roads & Water Crossing),"Newly-listed and transition species – development; Threats to health and safety, not imminent; Pits and quarries; Forest operations in Crown forests","Aggregate resource extraction - clearing, blasting, hauling, excavating, water taking; Avoidance and mitigation of adverse effects; Bridge and culvert construction, repair, maintenance and replacement; Building/house construction, repair, maintenance, renovation, removal, or replacement; Forest management - harvest, tending, renewal; Mining - exploration, extraction, rehabilitation, decommissioning; Oil and Gas - exploration, extraction, production, distribution; Oil and Gas Pipeline and Related Structures Construction; Power and Communication Line and Related Structures Construction; Species exclusion - fencing, cofferdams, etc.; Transportation (Other) development, maintenance or decommissioning; Transportation (Rail) development, maintenance or decommissioning; Transportation (Roads and Water Crossings) development, maintenance or decommissioning; Water and Sewer Line and Related Structures Construction; Well decommissioning","Guidance documents - policies, procedures, protocols, best practices, manuals",Amphibians; Reptiles,http://www.mnr.gov.on.ca/stdprodconsume/groups/lr/@mnr/@species/documents/document/mnr_sar_tx_rptl_amp_fnc_en.pdf,PDF,,,
231,Ontario Species at Risk Handling Manual: For Endangered Species Act Authorization Holders,Ontario Ministry of Natural Resources,~,~,~,"Protection of health or safety, etc.; Protection of property; Fishing — incidental catch; Trapping — incidental catch; Veterinarians; Rehabilitation or care — wildlife custodians; Rehabilitation or care — transfer to Ministry employees; Zoos; Falconry; Transition — pits and quarries; Forest operations in Crown forests; Transition — development and infrastructure; Barn swallow; Bobolink, eastern meadowlark; Chimney swift; Drainage works; Early exploration mining; Ecosystem protection; Hydro-electric generating stations; Newly-listed and transition species — development; Pits and quarries; Possession for educational purposes, etc.; Safe harbour habitat; Species protection, recovery activities; Threats to health and safety, not imminent; Trapping — incidental catch; Wind facilities","Species handling, collection, capture, possession or release; Avoidance and mitigation of adverse effects; Tansplanting and translocation","Guidance documents - policies, procedures, protocols, best practices, manuals",Amphibians; Reptiles; Birds,http://www.mnr.gov.on.ca/stdprodconsume/groups/lr/@mnr/@species/documents/document/mnr_sar_tx_sar_hnd_mnl_en.pdf,PDF,,,Not needed - it is in the coversheet
232,Ontario Species at Risk Quick Reference Guide,Ontario Ministry of Natural Resources,~,~,~,~,~,Book; Other,Amphibians; Reptiles; Vascular Plants; Birds; Fish; Molluscs,http://www.mnr.gov.on.ca/stdprodconsume/groups/lr/@mnr/@species/documents/document/mnr_sar_tx_sar_ref_gd_enfr.pdf,PDF,,,Not needed - it is in the coversheet
233,Bats and bat habitats: guidelines for wind power projects,Ontario Ministry of Natural Resources,Northern Myotis (Bat); Little Brown Myotis (Bat),Myotis lucifugu; Myotis septentrionalis,Electric Power Generation,Transition — development and infrastructure; Wind facilities,Electric Power Generation (Wind); Avoidance and mitigation of adverse effects,"Guidance documents - policies, procedures, protocols, best practices, manuals",Mammals,http://www.mnr.gov.on.ca/stdprodconsume/groups/lr/@mnr/@species/documents/document/mnr_sar_tx_bat_wndpwr_enfr.pdf,PDF,,,Not needed - it is in the coversheet
234,Bats in buildings: a guide to safe and humane exclusions,Bat Conservation International,Northern Myotis (Bat); Little Brown Myotis (Bat),Myotis lucifugu; Myotis septentrionalis,~,"Protection of health or safety, etc.; Protection of property","Species exclusion - fencing, cofferdams, etc.; Species handling, collection, capture, possession or release; Exterminating and Pest Control Services ","Guidance documents - policies, procedures, protocols, best practices, manuals",Mammals,http://www.mnr.gov.on.ca/stdprodconsume/groups/lr/@mnr/@species/documents/document/mnr_sar_tx_bat_exclu_enfr.pdf,PDF,,,Not needed - it is in the coversheet
235,Advisory Practice Bulletin. White-Nose Syndrome,Association of Professional Biology,Northern Myotis (Bat); Little Brown Myotis (Bat),Myotis lucifugu; Myotis septentrionalis,~,~,"Avoidance and mitigation of adverse effects; Mining - exploration, extraction, rehabilitation, decommissioning; Scientific research and development; Species handling, collection, capture, possession or release; Tourism and recreation; Other","Guidance documents - policies, procedures, protocols, best practices, manuals",Mammals,http://www.mnr.gov.on.ca/stdprodconsume/groups/lr/@mnr/@species/documents/document/mnr_sar_tx_bat_adv_wns_enfr.pdf,PDF,,,Not needed - it is in the coversheet
236,Agency Guide to Cave and Mine Gates,"Fant, J. H. Kennedy, R. Powers and W. Elliot",Northern Myotis (Bat); Little Brown Myotis (Bat),Myotis lucifugu; Myotis septentrionalis,"Mining; Tourism, Culture and Recreation",~,"Mining - exploration, extraction, rehabilitation, decommissioning","Guidance documents - policies, procedures, protocols, best practices, manuals",Mammals,http://www.mnr.gov.on.ca/stdprodconsume/groups/lr/@mnr/@species/documents/document/mnr_sar_tx_gd_cv_mn_gt_enfr.pdf,PDF,,,Not needed - it is in the coversheet
237,Planting the Seed: A Guide to Establishing Prairie and Meadow Communities in Southern Ontario,"Delaney, K., L. Roger, P. A. Woodliffe, G. Rhynard, and P. Morris (Environment Canada)",Bobolink; Eastern Meadowlark,Dolichonyx oryzivorus; Sturnella magna,"Aggregates; Agriculture; Environmental Stewardship (e.g. non-profit); Electric Power Generation; Development (Residential); Development (Non-residential); Government (Federal, Provincial, Municipal)","Bobolink, eastern meadowlark; Development — bobolink, eastern meadowlark; Bobolink, eastern meadowlark; Safe harbour habitat; Species protection, recovery activities; Ecosystem protection","Ecosystem maintenance, enhancement, restoration, or modification; Environmental stewardship; Habitat restoration, rehabilitation, enhancement, creation and management (including artificial habitat structure creation/installation); Invasive species control - manual or mechanical plant removal, insecticide, herbicide, piscicide, fungus, etc.; Inventory and monitoring; Landscaping Services; Plant propagation; Vegetation management - clearing, tree removal, pruning, stripping, insecticide, herbicide, fungicide, fertilizer, prescribed burns","Guidance documents - policies, procedures, protocols, best practices, manuals",Birds,http://www.mnr.gov.on.ca/stdprodconsume/groups/lr/@mnr/@species/documents/document/mnr_sar_tx_gd_plnt_prr_enfr.pdf,PDF,,,Not needed - it is in the coversheet
238,Birds and Bird Habitats: Guidelines for Wind Power Projects,Ontario Ministry of Natural Resources,Acadian Flycatcher; American White Pelican; Barn Owl; Barn Swallow; Bobolink; Cerulean Warbler; Chimney swift; Eastern Meadowlark; Eastern Whip-poor-will; Eskimo Curlew; Golden Eagle; Greater Prairie-Chicken;   Henslow’s Sparrow; King Rail; Kirtland’s Warbler; Least Bittern; Loggerhead Shrike; Northern Bobwhite; Piping Plover; Prothonotary Warbler; Red Knot rufa subspecies; Yellow-breasted Chat,Empidonax virescens; Pelecanus erythrorhynchos; Tyto alba; Hirundo rustica; Dolichonyx oryzivorus; Setophaga cerulean; Chaetura pelagica; Sturnella magna; Caprimulgus vociferous; Numenius borealis; Aquila chrysaetos; Tympanuchus cupido; Ammodramus henslowii; Rallus elegans; Setophaga kirtlandii; Ixobrychus exilis; Lanius ludovicianus; Colinus virginianus; Charadrius melodus; Protonotaria citrea; Calidris canutus rufa; Icteria virens,Electric Power Generation,Transition — development and infrastructure; Wind facilities,Electric Power Generation (Wind); Avoidance and mitigation of adverse effects,"Guidance documents - policies, procedures, protocols, best practices, manuals",Birds,http://www.mnr.gov.on.ca/stdprodconsume/groups/lr/@mnr/@species/documents/document/mnr_sar_tx_gd_brd_wndpwr_enfr.pdf,PDF,,,Not needed - it is in the coversheet
239,Environmental Guide for Erosion and Sediment Control during Construction of Highway Projects,Ontario Ministry of Transportation,~,~,Transportation (Roads & Water Crossing),~,"Assessment of adverse effects to species at risk and their habitat; Avoidance and mitigation of adverse effects; Bridge and culvert construction, repair, maintenance and replacement; Ditch creation and management; Habitat restoration, rehabilitation, enhancement, creation and management (including artificial habitat structure creation/installation); Sediment and erosion control, bank stabilization; Transportation (Roads and Water Crossings) development, maintenance or decommissioning; Water level modification - dams/coffer-dams, flooding, de-watering, diversions, draw-downs, water flow control, etc.","Guidance documents - policies, procedures, protocols, best practices, manuals",Fish; Molluscs,http://www.mnr.gov.on.ca/stdprodconsume/groups/lr/@mnr/@species/documents/document/mnr_sar_tx_gd_ersd_cntrl_enfr.pdf,PDF,,,Not needed - it is in the coversheet
240,(DRAFT) Guidance for Development Activities in Redside Dace Protected Habitat,Ontario Ministry of Natural Resources,Redside Dace,Clinostomus elongatus,Development (Residential); Development (Non-residential),Development and infrastructure — redside dace,"Assessment of adverse effects to species at risk and their habitat; Avoidance and mitigation of adverse effects; Bridge and culvert construction, repair, maintenance and replacement; Building/house construction, repair, maintenance, renovation, removal, or replacement; Ditch creation and management; Drainage works; Habitat restoration, rehabilitation, enhancement, creation and management (including artificial habitat structure creation/installation); Inventory and monitoring; Land Use planning;  Sediment and erosion control, bank stabilization; Sewage or Waste Treatment and Disposal; Stormwater management; Transportation (Roads and Water Crossings) development, maintenance or decommissioning; Vegetation management - clearing, tree removal, pruning, stripping, insecticide, herbicide, fungicide, fertilizer, prescribed burns; Water and Sewer Line and Related Structures Construction; Water level modification - dams/coffer-dams, flooding, de-watering, diversions, draw-downs, water flow control, etc.","Guidance documents - policies, procedures, protocols, best practices, manuals",Fish,http://www.mnr.gov.on.ca/groups/lr/@mnr/@species/documents/document/stdprod_082290.pdf,,,,Not needed - it is in the coversheet
241,Best management practices guide for Channel Darter and waterpower operation and development in Ontario,Natural Resource Solutions Inc. (Ontario Waterpower Association),Channel Dater,Percina copelandi,Electric Power Generation,Hydro-electric generating stations; Aquatic species,Electric Power Generation (Hydro),"Guidance documents - policies, procedures, protocols, best practices, manuals",Fish,http://www.mnr.gov.on.ca/stdprodconsume/groups/lr/@mnr/@species/documents/document/mnr_sar_tx_cldtr_wtrpr_enfr.pdf,PDF,,,Not needed - it is in the coversheet
242,Best management practices: Guide for American Eel and waterpower in Ontario,Genivar Ontario Inc. (Ontario Waterpower Association),American Eel,Anguilla rostrata,Electric Power Generation,Hydro-electric generating stations; Aquatic species,Electric Power Generation (Hydro),"Guidance documents - policies, procedures, protocols, best practices, manuals",Fish,http://www.mnr.gov.on.ca/stdprodconsume/groups/lr/@mnr/@species/documents/document/mnr_sar_tx_gd_eel_wtrpwr_enfr.pdf,PDF,,,Not needed - it is in the coversheet
243,A Guide to Road Ecology in Ontario,Ontario Road Ecology Group (Toronto Zoo),~,~,Environmental Stewardship (e.g. non-profit); Transportation (Roads & Water Crossing),~,"Assessment of adverse effects to species at risk and their habitat; Avoidance and mitigation of adverse effects; Bridge and culvert construction, repair, maintenance and replacement; Transportation (Roads and Water Crossings) development, maintenance or decommissioning",Book; Other,Amphibians; Reptiles; Mammals; Birds,http://www.mnr.gov.on.ca/stdprodconsume/groups/lr/@mnr/@species/documents/document/mnr_sar_tx_gd_rd_eclgy_enfr.pdf,PDF,,,Not needed - it is in the coversheet
244,Provincial List of Authorized Wildlife Custodians (Rehabilitators) in Ontario,Ontario Ministry of Natural Resources,~,~,"Government (Federal, Provincial, Municipal); Environmental Stewardship (e.g. non-profit)",~,"Protection of health or safety, etc.; Protection of property; Fishing — incidental catch; Trapping — incidental catch; Veterinarians; Rehabilitation or care — wildlife custodians; Rehabilitation or care — transfer to Ministry employees; Zoos; Falconry; Transition — pits and quarries; Forest operations in Crown forests; Transition — development and infrastructure; Barn swallow; Bobolink, eastern meadowlark; Chimney swift; Drainage works; Early exploration mining; Ecosystem protection; Hydro-electric generating stations; Newly-listed and transition species — development; Pits and quarries; Possession for educational purposes, etc.; Safe harbour habitat; Species protection, recovery activities; Threats to health and safety, not imminent; Trapping — incidental catch; Wind facilities",Database; Website; Other,Amphibians; Reptiles; Vascular Plants; Lichens; Bryophytes (including Mosses); Mammals; Birds; Fish; Insects; Molluscs; Fungi,http://www.mnr.gov.on.ca/en/Business/FW/1ColumnSubPage/STDPROD_096855.html,PDF,,,Not needed - it is in the coversheet 
245,Best Management Practices for Mineral Exploration and Development Activities and Woodland Caribou in Ontario,Ontario Ministry of Natural Resources,Woodland Caribou,Rangifer tarandus caribou,Mining; Development (Non-residential); Development (Residential),~,"Caribou range assessment and reporting; Mining - exploration, extraction, rehabilitation, decommissioning.","Guidance documents - policies, procedures, protocols, best practices, manuals",Mammals,http://www.mnr.gov.on.ca/stdprodconsume/groups/lr/@mnr/@species/documents/document/mnr_sar_bmp_min_dev_car_en.pdf,PDF,,,
246,Best Management Practices for Tourism Activities and Woodland Caribou in Ontario,Ontario Ministry of Natural Resources,Woodland Caribou,Rangifer tarandus caribou,"Tourism, Culture and Recreation",~,"Caribou range assessment and reporting; Education and outreach - manuals, training, signage, etc.; Tourism and recreation","Guidance documents - policies, procedures, protocols, best practices, manuals",Mammals,http://www.mnr.gov.on.ca/stdprodconsume/groups/lr/@mnr/@species/documents/document/mnr_sar_bmp_tour_car_en.pdf,PDF,,,
247,"Best Management Practices for Renewable Energy, Energy Infrastruscture and Energy Transmission Activities and Woodland Caribou in Ontario",Ontario Ministry of Natural Resources,Woodland Caribou,Rangifer tarandus caribou,"Electric Power Generation; Electric Power Transmission, Control and Distribution; ",~,"Caribou range assessment and reporting; Electric Power Generation (Fossil Fuel); Electric Power Generation (Hydro); Electric Power Generation (Nuclear); Electric Power Generation (Solar); Electric Power Generation (Wind); Electric Power Transmission, Control and Distribution ","Guidance documents - policies, procedures, protocols, best practices, manuals",Mammals,http://www.mnr.gov.on.ca/stdprodconsume/groups/lr/@mnr/@species/documents/document/mnr_sar_bmp_ener_car_en.pdf,PDF,,,
